cluster,favorite_genre_Comedy,favorite_genre_Documentary,favorite_genre_Drama,favorite_genre_Horror,favorite_genre_Romance,favorite_genre_Sci-Fi,favorite_genre_Thriller
0,0.13115715402658326,0.1295934323690383,0.12587959343236904,0.12372947615324473,0.12470680218921032,0.1174745895230649,0.1245113369820172
1,0.06538323281543316,0.13348244597994968,0.13340256420497665,0.13404161840476095,0.13420138195470704,0.13260374645524622,0.13484043615449134
2,0.12934932180066838,0.1267937880872813,0.13111853744839788,0.11657165323373304,0.12738352663652447,0.12227245920975034,0.1232553567918223
3,0.2231029810298103,0.11531165311653116,0.1051490514905149,0.11117886178861788,0.110840108401084,0.11151761517615176,0.10955284552845529
